halo_ID,M,c,rho0,rs,radius,density,enclosed_mass,velocity_dispersion_sq,luminosity
1.0,142340000000000.0,5.398049233627496,1697859.4831099217,120.58272366175501,0.01,443.75207614210984,0.00012047375560627419,0.052945167757540004,0.0
1.0,142340000000000.0,5.398049233627496,1697859.4831099217,120.58272366175501,0.010848096388007426,277.9094836372027,0.00014608615234433666,0.07732034691382139,-0.00034617957174935175
1.0,142340000000000.0,5.398049233627496,1697859.4831099217,120.58272366175501,0.011768119524349986,262.52755771235945,0.00017697341728112824,0.08072131471141544,-0.0003964141151808815
1.0,142340000000000.0,5.398049233627496,1697859.4831099217,120.58272366175501,0.012766169490574075,247.72759764813884,0.0002141814437475017,0.08428199350813613,-0.00045327421667926284
1.0,142340000000000.0,5.398049233627496,1697859.4831099217,120.58272366175501,0.01384886371393873,233.50319900884585,0.0002589540893646491,0.08800772308270277,-0.0005174737515341512
1.0,142340000000000.0,5.398049233627496,1697859.4831099217,120.58272366175501,0.015023380843318588,219.84725471587612,0.0003127685062429229,0.09190370991691392,-0.0005897673102083348
1.0,142340000000000.0,5.398049233627496,1697859.4831099217,120.58272366175501,0.016297508346206444,206.7519761469567,0.00037737630170447104,0.09597498076115835,-0.0006709439790009129
1.0,142340000000000.0,5.398049233627496,1697859.4831099217,120.58272366175501,0.017679694142400303,194.20891654534844,0.0004548513888933322,0.10022633176304403,-0.0007618186472268671
1.0,142340000000000.0,5.398049233627496,1697859.4831099217,120.58272366175501,0.019179102616724886,182.2089966677211,0.0005476454914250184,0.10466227307046047,-0.0008632204677365736
1.0,142340000000000.0,5.398049233627496,1697859.4831099217,120.58272366175501,0.020805675382171703,170.74253258518016,0.0006586523791311563,0.10928696886220948,-0.0009759781009065139
1.0,142340000000000.0,5.398049233627496,1697859.4831099217,120.58272366175501,0.022570197196339205,159.79926553776,0.0007912820325334136,0.11410417278948867,-0.0011009014038710684
1.0,142340000000000.0,5.398049233627496,1697859.4831099217,120.58272366175501,0.024484367468222266,149.36839372879766,0.0009495460611643773,0.11911715888432518,-0.001238759277613653
1.0,142340000000000.0,5.398049233627496,1697859.4831099217,120.58272366175501,0.026560877829466867,139.43860593205133,0.001138155834068214,0.12432864806487653,-0.0013902534510001477
1.0,142340000000000.0,5.398049233627496,1697859.4831099217,120.58272366175501,0.028813496284414607,129.99811677135548,0.0013626349181034563,0.1297407303949224,-0.0015559881168895927
1.0,142340000000000.0,5.398049233627496,1697859.4831099217,120.58272366175501,0.031257158496882355,121.03470352017699,0.0016294475571834064,0.13535478340021212,-0.0017364354583818181
1.0,142340000000000.0,5.398049233627496,1697859.4831099217,120.58272366175501,0.03390806681894053,112.53574425674796,0.001946145074812028,0.141171386774281,-0.001931897310499953
1.0,142340000000000.0,5.398049233627496,1697859.4831099217,120.58272366175501,0.03678379771828634,104.48825719965873,0.0023215321828092086,0.14719023392959563,-0.00214246343017195
1.0,142340000000000.0,5.398049233627496,1697859.4831099217,120.58272366175501,0.03990341831649379,96.87894103901667,0.002765855356884879,0.1534100409586566,-0.0023679671079628673
1.0,142340000000000.0,5.398049233627496,1697859.4831099217,120.58272366175501,0.043287612810830566,89.69421606964005,0.003291015496339585,0.15982845365652473,-0.0026079391706696382
1.0,142340000000000.0,5.398049233627496,1697859.4831099217,120.58272366175501,0.04695881961786354,82.92026592538133,0.003910807204079071,0.16644195338645346,-0.002861561754016453
1.0,142340000000000.0,5.398049233627496,1697859.4831099217,120.58272366175501,0.0509413801481638,76.54307970766774,0.004641187071706525,0.1732457626924184,-0.003127623560322584
1.0,142340000000000.0,5.398049233627496,1697859.4831099217,120.58272366175501,0.0552617001985409,70.54849429681008,0.005500573376397335,0.18023375166054434,-0.0034044786822711517
1.0,142340000000000.0,5.398049233627496,1697859.4831099217,120.58272366175501,0.05994842503189409,64.92223663165576,0.006510179566725657,0.1873983461861765,-0.003690011366205792
1.0,142340000000000.0,5.398049233627496,1697859.4831099217,120.58272366175501,0.06503262930552246,59.64996574181606,0.007694383836823364,0.19473043938640527,-0.003981609387541615
1.0,142340000000000.0,5.398049233627496,1697859.4831099217,120.58272366175501,0.07054802310718641,54.717314317047766,0.009081136896193593,0.20221930754681106,-0.004276148873983893
1.0,142340000000000.0,5.398049233627496,1697859.4831099217,120.58272366175501,0.07653117546501334,50.10992960045715,0.01070240984386345,0.20985253207208507,-0.004569993507619876
1.0,142340000000000.0,5.398049233627496,1697859.4831099217,120.58272366175501,0.08302175681319744,45.81351339603756,0.012594683654953429,0.21761592902286073,-0.004859010956921504
1.0,142340000000000.0,5.398049233627496,1697859.4831099217,120.58272366175501,0.09006280202112786,41.81386098667154,0.014799481346309571,0.22549348789619744,-0.005138609149739251
1.0,142340000000000.0,5.398049233627496,1697859.4831099217,120.58272366175501,0.09770099572992251,38.09689876609252,0.017363943272377322,0.233467321376447,-0.0054037945413949896
1.0,142340000000000.0,5.398049233627496,1697859.4831099217,120.58272366175501,0.1059869818882502,34.64872039738621,0.02034144524520788,0.24151762781684144,-0.005649253872210477
1.0,142340000000000.0,5.398049233627496,1697859.4831099217,120.58272366175501,0.11497569953977356,31.455621321359562,0.023792258244719876,0.24962266823535417,-0.0058694600054810826
1.0,142340000000000.0,5.398049233627496,1697859.4831099217,120.58272366175501,0.12472674708860455,28.504131450431355,0.02778424737129072,0.2577587595862536,-0.0060588013295072626
1.0,142340000000000.0,5.398049233627496,1697859.4831099217,120.58272366175501,0.13530477745798067,25.781045897509642,0.032393606393100516,0.2659002860162435,-0.0062117329128364256
1.0,142340000000000.0,5.398049233627496,1697859.4831099217,120.58272366175501,0.14677992676220689,23.273453604497245,0.037705622688017616,0.2740197297236545,-0.0063229461640761046
1.0,142340000000000.0,5.398049233627496,1697859.4831099217,120.58272366175501,0.1592282793341092,20.968763751461,0.04381546569725316,0.2820877228975679,-0.006387552252615902
1.0,142340000000000.0,5.398049233627496,1697859.4831099217,120.58272366175501,0.17273237219129878,18.85472984496452,0.050828990001523355,0.2900731220296045,-0.006401273069291455
1.0,142340000000000.0,5.398049233627496,1697859.4831099217,120.58272366175501,0.1873817422860384,16.919471402414135,0.05886354199406049,0.29794310565175036,-0.006360632158482459
1.0,142340000000000.0,5.398049233627496,1697859.4831099217,120.58272366175501,0.20327352016717118,15.151493168318941,0.06804875674662916,0.30566329625616745,-0.0062631369601314196
1.0,142340000000000.0,5.398049233627496,1697859.4831099217,120.58272366175501,0.22051307399030456,13.539701817914032,0.0785273291191538,0.31319790680478,-0.0061074429605008345
1.0,142340000000000.0,5.398049233627496,1697859.4831099217,120.58272366175501,0.23921470814626375,12.073420123428841,0.0904557404688154,0.32050991182119687,-0.005893490096501591
1.0,142340000000000.0,5.398049233627496,1697859.4831099217,120.58272366175501,0.25950242113997357,10.742398578181096,0.10400491953008184,0.32756124258717007,-0.005622602069941474
1.0,142340000000000.0,5.398049233627496,1697859.4831099217,120.58272366175501,0.281510727744773,9.536824493418633,0.11936081316810265,0.3343130054378516,-0.005297540162550033
1.0,142340000000000.0,5.398049233627496,1697859.4831099217,120.58272366175501,0.3053855508833415,8.447328602192687,0.1367248399474068,0.34072572155947756,-0.004922504739242688
1.0,142340000000000.0,5.398049233627496,1697859.4831099217,120.58272366175501,0.33128518914872357,7.464989223306479,0.1563141967122882,0.34675958605808144,-0.004503079834559296
1.0,142340000000000.0,5.398049233627496,1697859.4831099217,120.58272366175501,0.35938136638046275,6.581334056328915,0.17836198592061484,0.35237474338154817,-0.004046118968666522
1.0,142340000000000.0,5.398049233627496,1697859.4831099217,120.58272366175501,0.38986037025490716,5.78833969559036,0.20311712930434242,0.35753157545422554,-0.0035595734951645304
1.0,142340000000000.0,5.398049233627496,1697859.4831099217,120.58272366175501,0.4229242874389499,5.078428966795645,0.23084403171715112,0.36219099813807154,-0.0030522681475748043
1.0,142340000000000.0,5.398049233627496,1697859.4831099217,120.58272366175501,0.4587923434967087,4.444466204224114,0.2618219578854213,0.36631476087477777,-0.0025336318130019598
1.0,142340000000000.0,5.398049233627496,1697859.4831099217,120.58272366175501,0.4977023564332109,3.8797505992839274,0.29634408432624887,0.36986574362012664,-0.002013394655521762
1.0,142340000000000.0,5.398049233627496,1697859.4831099217,120.58272366175501,0.5399123135125903,3.378007762314849,0.33471618906191536,0.37280824447404914,-0.001501265297064063
1.0,142340000000000.0,5.398049233627496,1697859.4831099217,120.58272366175501,0.5857020818056664,2.9333796488836805,0.3772549429767628,0.37510825078100746,-0.0010066035967682418
1.0,142340000000000.0,5.398049233627496,1697859.4831099217,120.58272366175501,0.6353752638084483,2.540413009307528,0.42428576890823,0.37673368597019274,-0.0005381054635352234
1.0,142340000000000.0,5.398049233627496,1697859.4831099217,120.58272366175501,0.6892612104349695,2.194046525719599,0.47614023763484875,0.3776546240914076,-0.00010351595954058742
1.0,142340000000000.0,5.398049233627496,1697859.4831099217,120.58272366175501,0.7477172047313224,1.8895968046361156,0.5331529739068719,0.377843463967466,0.0002906143437260879
1.0,142340000000000.0,5.398049233627496,1697859.4831099217,120.58272366175501,0.8111308307896868,1.622743394696205,0.5956580502084328,0.37727505524379307,0.0006391171665293934
1.0,142340000000000.0,5.398049233627496,1697859.4831099217,120.58272366175501,0.8799225435691069,1.389512999064703,0.663984850697417,0.375926769529193,0.0009383292026897781
1.0,142340000000000.0,5.398049233627496,1697859.4831099217,120.58272366175501,0.9545484566618337,1.1862630499739053,0.7384533920979601,0.37377851149247465,0.0011861444388869427
1.0,142340000000000.0,5.398049233627496,1697859.4831099217,120.58272366175501,1.0355033664891309,1.0096648091268485,0.8193690913102546,0.3708126674799369,0.0013819953320607893
1.0,142340000000000.0,5.398049233627496,1697859.4831099217,120.58272366175501,1.1233240329780276,0.8566861523101525,0.9070169697661513,0.3670139932948745,0.0015267666245647727
1.0,142340000000000.0,5.398049233627496,1697859.4831099217,120.58272366175501,1.218592738471087,0.7245741897137447,1.001655280436234,0.3623694486654403,0.001622649877903234
1.0,142340000000000.0,5.398049233627496,1697859.4831099217,120.58272366175501,1.3219411484660286,0.6108378652965644,1.103508532220898,0.3568679941486108,0.0016729505148821422
1.0,142340000000000.0,5.398049233627496,1697859.4831099217,120.58272366175501,1.4340544997832725,0.5132306692643132,1.2127598652811746,0.3505003773729869,0.0016818619824091523
1.0,142340000000000.0,5.398049233627496,1697859.4831099217,120.58272366175501,1.5556761439304723,0.4297335875525955,1.3295426955059224,0.34325895023915015,0.0016542233583836114
1.0,142340000000000.0,5.398049233627496,1697859.4831099217,120.58272366175501,1.687612475788147,0.3585384013747639,1.4539314919220216,0.3351375775136285,0.0015952771796892502
1.0,142340000000000.0,5.398049233627496,1697859.4831099217,120.58272366175501,1.8307382802953678,0.29803143866004106,1.585931471790145,0.3261317204171494,0.0015104433989874312
1.0,142340000000000.0,5.398049233627496,1697859.4831099217,120.58272366175501,1.986002532585912,0.24677786785889852,1.725466888630331,0.3162388059028089,0.0014051231899557006
1.0,142340000000000.0,5.398049233627496,1697859.4831099217,120.58272366175501,2.154434690031882,0.20350661343337026,1.8723674440236966,0.3054590216726318,0.0012845428693809226
1.0,142340000000000.0,5.398049233627496,1697859.4831099217,120.58272366175501,2.337151517913277,0.1670959616906265,2.026352174621961,0.2937967047708347,0.0011536435813404074
1.0,142340000000000.0,5.398049233627496,1697859.4831099217,120.58272366175501,2.5353644939701114,0.13655991573848741,2.1870099616239402,0.2812625106171218,0.0010170167264323777
1.0,142340000000000.0,5.398049233627496,1697859.4831099217,120.58272366175501,2.7503878409319458,0.11103534940426633,2.3537756129146374,0.2678765475149742,0.0008788786458694761
1.0,142340000000000.0,5.398049233627496,1697859.4831099217,120.58272366175501,2.983647240283337,0.0897700018227412,2.525900351369755,0.25367262055869705,0.0007430712423810482
1.0,142340000000000.0,5.398049233627496,1697859.4831099217,120.58272366175501,3.2366892850406015,0.07211134625322334,2.7024156537226154,0.2387036231142483,0.0006130689477816545
1.0,142340000000000.0,5.398049233627496,1697859.4831099217,120.58272366175501,3.5111917342151306,0.057496356380786484,2.882089992380128,0.2230479133157969,0.0004919683770842964
1.0,142340000000000.0,5.398049233627496,1697859.4831099217,120.58272366175501,3.8089746369540713,0.04544217633693337,3.0633795885155255,0.20681618915631897,0.0003824376941644714
1.0,142340000000000.0,5.398049233627496,1697859.4831099217,120.58272366175501,4.132012400115334,0.03553766859516856,3.244377459993404,0.19015791895601863,0.0002866113131782942
1.0,142340000000000.0,5.398049233627496,1697859.4831099217,120.58272366175501,4.482446879289308,0.027435753729506688,3.4227706615352353,0.17326583104715862,0.00020593452668876862
1.0,142340000000000.0,5.398049233627496,1697859.4831099217,120.58272366175501,4.862601580065353,0.02084635224457311,3.5958242462246863,0.1563764395044326,0.00014099101815128303
1.0,142340000000000.0,5.398049233627496,1697859.4831099217,120.58272366175501,5.274997063702619,0.015529584332171895,3.760421430438692,0.13976432397699862,9.137607028164739e-05
1.0,142340000000000.0,5.398049233627496,1697859.4831099217,120.58272366175501,5.722367659350215,0.011288708464628814,3.913198808097888,0.1237282479602018,5.569316733877817e-05
1.0,142340000000000.0,5.398049233627496,1697859.4831099217,120.58272366175501,6.207679593624761,0.00796219822263222,4.050813876356917,0.10856855649888429,3.1731829410889367e-05
1.0,142340000000000.0,5.398049233627496,1697859.4831099217,120.58272366175501,6.7341506577508214,0.005414597606720182,4.170355224912921,0.09455775905750893,1.6821944484949733e-05
1.0,142340000000000.0,5.398049233627496,1697859.4831099217,120.58272366175501,7.305271542664449,0.003526609681257377,4.269842968104636,0.08190928979022573,8.27637349693826e-06
1.0,142340000000000.0,5.398049233627496,1697859.4831099217,120.58272366175501,7.92482898353917,0.0021861952739422558,4.348681806422636,0.07075185744814462,3.780410635595158e-06
1.0,142340000000000.0,5.398049233627496,1697859.4831099217,120.58272366175501,8.596930867190787,0.0012834678152940059,4.407875498213785,0.0611168461071429,1.6090589623080208e-06
1.0,142340000000000.0,5.398049233627496,1697859.4831099217,120.58272366175501,9.326033468832199,0.0007114978887837752,4.449860578472261,0.052942927622654824,6.426065042698214e-07
1.0,142340000000000.0,5.398049233627496,1697859.4831099217,120.58272366175501,10.11697099876749,0.00037232435612218897,4.477981039731164,0.04609636226073726,2.4308941120987223e-07
1.0,142340000000000.0,5.398049233627496,1697859.4831099217,120.58272366175501,10.974987654930557,0.000184353652999016,4.495805290397822,0.040400247827436064,8.804906865374448e-08
1.0,142340000000000.0,5.398049233627496,1697859.4831099217,120.58272366175501,11.905772393787833,8.67639157140161e-05,4.506544142338951,0.035664019055933034,3.08667407066502e-08
1.0,142340000000000.0,5.398049233627496,1697859.4831099217,120.58272366175501,12.91549665014884,3.904445918068489e-05,4.512729579705618,0.03170644225732282,1.0572697389990985e-08
1.0,142340000000000.0,5.398049233627496,1697859.4831099217,120.58272366175501,14.010855255980157,1.690873656158447e-05,4.516157279176772,0.028369335475453294,3.564965413292455e-09
1.0,142340000000000.0,5.398049233627496,1697859.4831099217,120.58272366175501,15.199110829529332,7.09095504724508e-06,4.517996124392324,0.025522815161842523,1.18952453901771e-09
1.0,142340000000000.0,5.398049233627496,1697859.4831099217,120.58272366175501,16.488141929074178,2.895754334568548e-06,4.518956451728285,0.02306470864410805,3.9407998452332883e-10
1.0,142340000000000.0,5.398049233627496,1697859.4831099217,120.58272366175501,17.886495290574352,1.1569685615335851e-06,4.519446994799771,0.020916649842823973,1.2983538916875157e-10
1.0,142340000000000.0,5.398049233627496,1697859.4831099217,120.58272366175501,19.40344249557914,4.539703030008759e-07,4.5196930204845085,0.01901977147366748,4.257122045284147e-11
1.0,142340000000000.0,5.398049233627496,1697859.4831099217,120.58272366175501,21.049041445120196,1.7545232636545757e-07,4.5198145351543495,0.017329856566115305,1.3889018117980004e-11
1.0,142340000000000.0,5.398049233627496,1697859.4831099217,120.58272366175501,22.83420304718272,6.694019465746562e-08,4.519873774544732,0.015814043015077904,4.511482572393923e-12
1.0,142340000000000.0,5.398049233627496,1697859.4831099217,120.58272366175501,24.770763559917086,2.5254014679119277e-08,4.519902328165293,0.014446119171741422,1.4574138492487146e-12
1.0,142340000000000.0,5.398049233627496,1697859.4831099217,120.58272366175501,26.87156307025227,9.43218180496643e-09,4.519915952520434,0.013206687351086476,4.681672704419937e-13
1.0,142340000000000.0,5.398049233627496,1697859.4831099217,120.58272366175501,29.150530628251758,3.4906310292439034e-09,4.519922393547936,0.012080115912140163,1.4949271960227977e-13
1.0,142340000000000.0,5.398049233627496,1697859.4831099217,120.58272366175501,31.622776601683796,1.2807479715958887e-09,4.519925412447553,0.011053733895166671,0.0
2.0,187990000000000.0,6.560653213128429,2751933.595756475,108.85392932911942,0.01,391.4240586504884,0.00010718493476652644,0.053447407216350905,0.0
2.0,187990000000000.0,6.560653213128429,2751933.595756475,108.85392932911942,0.010848096388007426,250.63438496204802,0.00013028395615408074,0.0771648297916173,-0.0003054466071680573
2.0,187990000000000.0,6.560653213128429,2751933.595756475,108.85392932911942,0.011768119524349986,237.35115516890482,0.00015820951525774655,0.08047732451651035,-0.0003501864032365969
2.0,187990000000000.0,6.560653213128429,2751933.595756475,108.85392932911942,0.012766169490574075,224.52838113605182,0.0001919335364809353,0.08394666358173102,-0.00040094081645683906
2.0,187990000000000.0,6.560653213128429,2751933.595756475,108.85392932911942,0.01384886371393873,212.16364392308046,0.0002326150067790569,0.08757832477699462,-0.00045838370541588145
2.0,187990000000000.0,6.560653213128429,2751933.595756475,108.85392932911942,0.015023380843318588,200.253886153485,0.00028163397655818495,0.09137768058004338,-0.0005232331168247247
2.0,187990000000000.0,6.560653213128429,2751933.595756475,108.85392932911942,0.016297508346206444,188.79542091119683,0.00034063128823531163,0.09534995305730672,-0.0005962467235583544
2.0,187990000000000.0,6.560653213128429,2751933.595756475,108.85392932911942,0.017679694142400303,177.78394285730795,0.0004115548974454493,0.09950016414671455,-0.0006782150274503611
2.0,187990000000000.0,6.560653213128429,2751933.595756475,108.85392932911942,0.019179102616724886,167.2145415578488,0.0004967137608568882,0.1038330811854663,-0.000769951941985867
2.0,187990000000000.0,6.560653213128429,2751933.595756475,108.85392932911942,0.020805675382171703,157.08171700030886,0.0005988403825622634,0.10835315758528098,-0.0008722823630808239
2.0,187990000000000.0,6.560653213128429,2751933.595756475,108.85392932911942,0.022570197196339205,147.37939726304018,0.0007211632377088178,0.11306446860348868,-0.0009860263462059286
2.0,187990000000000.0,6.560653213128429,2751933.595756475,108.85392932911942,0.024484367468222266,138.1009582878814,0.000867490426736833,0.11797064221421934,-0.0011119795132181595
2.0,187990000000000.0,6.560653213128429,2751933.595756475,108.85392932911942,0.026560877829466867,129.23924569237224,0.0010423060552131422,0.12307478503176587,-0.0012508896035323723
2.0,187990000000000.0,6.560653213128429,2751933.595756475,108.85392932911942,0.028813496284414607,120.78659854393116,0.0012508809811716138,0.12837940423284713,-0.0014034282379519847
2.0,187990000000000.0,6.560653213128429,2751933.595756475,108.85392932911942,0.031257158496882355,112.73487500444097,0.0014993997218926138,0.13388632327842678,-0.001570159278195415
2.0,187990000000000.0,6.560653213128429,2751933.595756475,108.85392932911942,0.03390806681894053,105.07547973999334,0.0017951054605023448,0.13959659578359565,-0.0017515020427026878
2.0,187990000000000.0,6.560653213128429,2751933.595756475,108.85392932911942,0.03678379771828634,97.79939297718586,0.0021464652512799987,0.14551041391232014,-0.001947691146456051
2.0,187990000000000.0,6.560653213128429,2751933.595756475,108.85392932911942,0.03990341831649379,90.89720107450032,0.0025633576259289957,0.1516270142400815,-0.0021587327860574305
2.0,187990000000000.0,6.560653213128429,2751933.595756475,108.85392932911942,0.043287612810830566,84.35912846506565,0.0030572849842426092,0.157944580915875,-0.0023843585344874105
2.0,187990000000000.0,6.560653213128429,2751933.595756475,108.85392932911942,0.04695881961786354,78.17507081564301,0.003641613200048742,0.16446014700090641,-0.0026239778087146716
2.0,187990000000000.0,6.560653213128429,2751933.595756475,108.85392932911942,0.0509413801481638,72.33462923612932,0.004331840979870074,0.17116949487731828,-0.002876630561321846
2.0,187990000000000.0,6.560653213128429,2751933.595756475,108.85392932911942,0.0552617001985409,66.82714536438202,0.005145901535871494,0.17806705675380688,-0.0031409421229203938
2.0,187990000000000.0,6.560653213128429,2751933.595756475,108.85392932911942,0.05994842503189409,61.64173714285445,0.006104499120781178,0.18514581643291744,-0.003415082489786377
2.0,187990000000000.0,6.560653213128429,2751933.595756475,108.85392932911942,0.06503262930552246,56.76733509653292,0.007231482894212319,0.19239721364245263,-0.003696732686048579
2.0,187990000000000.0,6.560653213128429,2751933.595756475,108.85392932911942,0.07054802310718641,52.19271891608502,0.008554260432596513,0.19981105236801897,-0.003983061102647623
2.0,187990000000000.0,6.560653213128429,2751933.595756475,108.85392932911942,0.07653117546501334,47.90655414608399,0.010104252959631563,0.2073754147541018,-0.004270712890200224
2.0,187990000000000.0,6.560653213128429,2751933.595756475,108.85392932911942,0.08302175681319744,43.89742877573855,0.01191739397873479,0.21507658226172674,-0.0045558155239427585
2.0,187990000000000.0,6.560653213128429,2751933.595756475,108.85392932911942,0.09006280202112786,40.153889528826376,0.014034672564593556,0.2228989658782468,-0.004834003530029941
2.0,187990000000000.0,6.560653213128429,2751933.595756475,108.85392932911942,0.09770099572992251,36.664477650541286,0.016502721878563338,0.23082504726618744,-0.005100465028346274
2.0,187990000000000.0,6.560653213128429,2751933.595756475,108.85392932911942,0.1059869818882502,33.417763991771565,0.019374452709700223,0.23883533280719865,-0.005350012181458031
2.0,187990000000000.0,6.560653213128429,2751933.595756475,108.85392932911942,0.11497569953977356,30.402383195941812,0.022709730848781317,0.24690832253956488,-0.005577176827124865
2.0,187990000000000.0,6.560653213128429,2751933.595756475,108.85392932911942,0.12472674708860455,27.607066799966102,0.026576095918780816,0.25502049600001675,-0.005776331508566534
2.0,187990000000000.0,6.560653213128429,2751933.595756475,108.85392932911942,0.13530477745798067,25.020675069057773,0.03104951787958274,0.26314631695437873,-0.005941834825085244
2.0,187990000000000.0,6.560653213128429,2751933.595756475,108.85392932911942,0.14677992676220689,22.63222739506046,0.036215185801322054,0.2712582589361824,-0.006068198540238259
2.0,187990000000000.0,6.560653213128429,2751933.595756475,108.85392932911942,0.1592282793341092,20.430931099538988,0.04216832159088237,0.27932685339870456,-0.006150272274206031
2.0,187990000000000.0,6.560653213128429,2751933.595756475,108.85392932911942,0.17273237219129878,18.406208495995184,0.04901500929514056,0.28732076212242946,-0.00618343995634797
2.0,187990000000000.0,6.560653213128429,2751933.595756475,108.85392932911942,0.1873817422860384,16.54772208013212,0.05687302819339294,0.29520687530096423,-0.006163820634406329
2.0,187990000000000.0,6.560653213128429,2751933.595756475,108.85392932911942,0.20327352016717118,14.845397732937949,0.06587267534391368,0.30295043645118197,-0.006088464853977761
2.0,187990000000000.0,6.560653213128429,2751933.595756475,108.85392932911942,0.22051307399030456,13.289445838330446,0.07615756045893882,0.31051519495480967,-0.005955536771315267
2.0,187990000000000.0,6.560653213128429,2751933.595756475,108.85392932911942,0.23921470814626375,11.87038023501444,0.08788535304087476,0.31786358663746467,-0.005764471577324217
2.0,187990000000000.0,6.560653213128429,2751933.595756475,108.85392932911942,0.25950242113997357,10.579034940853745,0.10122845865788214,0.3249569423265871,-0.005516097810468242
2.0,187990000000000.0,6.560653213128429,2751933.595756475,108.85392932911942,0.281510727744773,9.406578607232923,0.11637459813581724,0.3317557238028119,-0.0052127148131616416
2.0,187990000000000.0,6.560653213128429,2751933.595756475,108.85392932911942,0.3053855508833415,8.344526680357196,0.1335272603961948,0.3382197859726394,-0.0048581169910303455
2.0,187990000000000.0,6.560653213128429,2751933.595756475,108.85392932911942,0.33128518914872357,7.384751265975357,0.15290599671300362,0.3443086634479018,-0.004457558665821295
2.0,187990000000000.0,6.560653213128429,2751933.595756475,108.85392932911942,0.35938136638046275,6.519488713374752,0.17474652156227197,0.3499818790255982,-0.0040176561086199625
2.0,187990000000000.0,6.560653213128429,2751933.595756475,108.85392932911942,0.38986037025490716,5.741344953449714,0.1993005829133101,0.3551992708286985,-0.003546226673202778
2.0,187990000000000.0,6.560653213128429,2751933.595756475,108.85392932911942,0.4229242874389499,5.043298643951179,0.2268355631246059,0.3599213341049239,-0.003052068630979899
2.0,187990000000000.0,6.560653213128429,2751933.595756475,108.85392932911942,0.4587923434967087,4.418702192459193,0.2576337705790996,0.364109572899679,-0.002544689096923952
2.0,187990000000000.0,6.560653213128429,2751933.595756475,108.85392932911942,0.4977023564332109,3.8612807439653807,0.29199138204784386,0.367726856037541,-0.0020339910507859316
2.0,187990000000000.0,6.560653213128429,2751933.595756475,108.85392932911942,0.5399123135125903,3.3651292350110977,0.33021699665422555,0.37073777108389505,-0.001529933604974352
2.0,187990000000000.0,6.560653213128429,2751933.595756475,108.85392932911942,0.5857020818056664,2.9247076299174246,0.37262976439018264,0.3731089692386392,-0.0010421820657928894
2.0,187990000000000.0,6.560653213128429,2751933.595756475,108.85392932911942,0.6353752638084483,2.534834466608888,0.4195570554759736,0.3748094934671684,-0.0005797657329995476
2.0,187990000000000.0,6.560653213128429,2751933.595756475,108.85392932911942,0.6892612104349695,2.1906788497410234,0.47133164167651764,0.37581108163678784,-0.0001507616050679766
2.0,187990000000000.0,6.560653213128429,2751933.595756475,108.85392932911942,0.7477172047313224,1.8877510371897148,0.5282883668079349,0.3760884360457838,0.0002379788858704746
2.0,187990000000000.0,6.560653213128429,2751933.595756475,108.85392932911942,0.8111308307896868,1.6218917723738129,0.5907602912204609,0.375619450566724,0.0005810452796952592
2.0,187990000000000.0,6.560653213128429,2751933.595756475,108.85392932911942,0.8799225435691069,1.3892605193201104,0.6590743037137072,0.3743853867511853,0.0008746142233755884
2.0,187990000000000.0,6.560653213128429,2751933.595756475,108.85392932911942,0.9545484566618337,1.1863227598322061,0.7335462038444885,0.37237099075980706,0.0011165192353343703
2.0,187990000000000.0,6.560653213128429,2751933.595756475,108.85392932911942,1.0355033664891309,1.00983651261524,0.8144752673776828,0.36956454401910194,0.0013062418810962815
2.0,187990000000000.0,6.560653213128429,2751933.595756475,108.85392932911942,1.1233240329780276,0.8568382327927286,0.902138316922398,0.36595784223508065,0.0014448272126901765
2.0,187990000000000.0,6.560653213128429,2751933.595756475,108.85392932911942,1.218592738471087,0.7246282470162078,0.9967833275179243,0.3615461000342133,0.0015347311738192996
2.0,187990000000000.0,6.560653213128429,2751933.595756475,108.85392932911942,1.3219411484660286,0.6107558744297176,1.0986226015382694,0.3563277823373487,0.001579611905575612
2.0,187990000000000.0,6.560653213128429,2751933.595756475,108.85392932911942,1.4340544997832725,0.5130043772530576,1.2078255470362933,0.35030436895583067,0.0015840801600899694
2.0,187990000000000.0,6.560653213128429,2751933.595756475,108.85392932911942,1.5556761439304723,0.42937587685949063,1.3245110858349562,0.34348006625939714,0.0015534260853759278
2.0,187990000000000.0,6.560653213128429,2751933.595756475,108.85392932911942,1.687612475788147,0.3580763621371481,1.4487396995357633,0.3358614895934845,0.0014933403384023189
2.0,187990000000000.0,6.560653213128429,2751933.595756475,108.85392932911942,1.8307382802953678,0.29750090685081026,1.580505089357952,0.32745735293304157,0.0014096467922231624
2.0,187990000000000.0,6.560653213128429,2751933.595756475,108.85392932911942,1.986002532585912,0.24621920189170382,1.719725375298892,0.31827821849800897,0.0013080621231447253
2.0,187990000000000.0,6.560653213128429,2751933.595756475,108.85392932911942,2.154434690031882,0.20296149696153998,1.8662336871955634,0.30833637892847415,0.001193994492490782
2.0,187990000000000.0,6.560653213128429,2751933.595756475,108.85392932911942,2.337151517913277,0.16660503463837523,2.019767901147526,0.29764596778650704,0.0010723896427387858
2.0,187990000000000.0,6.560653213128429,2751933.595756475,108.85392932911942,2.5353644939701114,0.13616104817538477,2.179959147886623,0.2862234192367735,0.0009476283127264114
2.0,187990000000000.0,6.560653213128429,2751933.595756475,108.85392932911942,2.7503878409319458,0.11076238304065872,2.346318568800019,0.27408842158723723,0.0008234742464609251
2.0,187990000000000.0,6.560653213128429,2751933.595756475,108.85392932911942,2.983647240283337,0.08965179133316506,2.5182216352857054,0.2612655259347323,0.0007030675139767216
2.0,187990000000000.0,6.560653213128429,2751933.595756475,108.85392932911942,3.2366892850406015,0.0721709379344731,2.694889214216889,0.24778657031979998,0.0005889536651165442
2.0,187990000000000.0,6.560653213128429,2751933.595756475,108.85392932911942,3.5111917342151306,0.057750147507883834,2.8753645316127474,0.23369404601275268,0.0004831357306534003
2.0,187990000000000.0,6.560653213128429,2751933.595756475,108.85392932911942,3.8089746369540713,0.0458989117687458,3.058485399458666,0.2190454443213724,0.00038713374611023735
2.0,187990000000000.0,6.560653213128429,2751933.595756475,108.85392932911942,4.132012400115334,0.03619716561152354,3.242851772790106,0.20391845367631983,0.0003020360301942169
2.0,187990000000000.0,6.560653213128429,2751933.595756475,108.85392932911942,4.482446879289308,0.02828732621648256,3.426790287729062,0.18841660327740403,0.00022852891465124662
2.0,187990000000000.0,6.560653213128429,2751933.595756475,108.85392932911942,4.862601580065353,0.021867066830426326,3.6083204485082816,0.17267456195437936,0.00016689807970283712
2.0,187990000000000.0,6.560653213128429,2751933.595756475,108.85392932911942,5.274997063702619,0.016682760120779155,3.785132197283929,0.15686182897006432,0.00011700557910660982
2.0,187990000000000.0,6.560653213128429,2751933.595756475,108.85392932911942,5.722367659350215,0.012523468018189054,3.954592006683105,0.14118309970458157,7.826068803278569e-05
2.0,187990000000000.0,6.560653213128429,2751933.595756475,108.85392932911942,6.207679593624761,0.009215274965456655,4.113803417332321,0.12587335933517801,4.961532938902908e-05
2.0,187990000000000.0,6.560653213128429,2751933.595756475,108.85392932911942,6.7341506577508214,0.00661567970565727,4.259754255422996,0.11118605790050928,2.961816647153574e-05
2.0,187990000000000.0,6.560653213128429,2751933.595756475,108.85392932911942,7.305271542664449,0.004607741358604332,4.389578233729176,0.09737386827937092,1.6547489966136524e-05
2.0,187990000000000.0,6.560653213128429,2751933.595756475,108.85392932911942,7.92482898353917,0.003093837116705485,4.500931353243276,0.0846636351700285,8.610844840642007e-06
2.0,187990000000000.0,6.560653213128429,2751933.595756475,108.85392932911942,8.596930867190787,0.001989346661788198,4.592426432617613,0.07322978234200574,4.162109588331801e-06
2.0,187990000000000.0,6.560653213128429,2751933.595756475,108.85392932911942,9.326033468832199,0.0012172624289851271,4.663997269760602,0.06317254968902807,1.868889129966161e-06
2.0,187990000000000.0,6.560653213128429,2751933.595756475,108.85392932911942,10.11697099876749,0.0007051724042542431,4.717026590111542,0.054507520917716656,7.822284479835765e-07
2.0,187990000000000.0,6.560653213128429,2751933.595756475,108.85392932911942,10.974987654930557,0.0003855723202751485,4.754128150239334,0.04717004892317198,3.072144555141952e-07
2.0,187990000000000.0,6.560653213128429,2751933.595756475,108.85392932911942,11.905772393787833,0.00019888780430352918,4.778625214406484,0.041033290035307736,1.142599137421882e-07
2.0,187990000000000.0,6.560653213128429,2751933.595756475,108.85392932911942,12.91549665014884,9.699657583010746e-05,4.793920780124499,0.03593396691282564,4.06703294643605e-08
2.0,187990000000000.0,6.560653213128429,2751933.595756475,108.85392932911942,14.010855255980157,4.492340253657593e-05,4.802990398028278,0.03169826134606343,1.4001835554869564e-08
2.0,187990000000000.0,6.560653213128429,2751933.595756475,108.85392932911942,15.199110829529332,1.9874753966933883e-05,4.808126809154575,0.028161919529291674,4.706372872120249e-09
2.0,187990000000000.0,6.560653213128429,2751933.595756475,108.85392932911942,16.488141929074178,8.45340714991662e-06,4.810922693650888,0.025182137713563178,1.5559951971137006e-09
2.0,187990000000000.0,6.560653213128429,2751933.595756475,108.85392932911942,17.886495290574352,3.4783819058381145e-06,4.812394533390452,0.022641902119095416,5.086369612376762e-10
2.0,187990000000000.0,6.560653213128429,2751933.595756475,108.85392932911942,19.40344249557914,1.39242610672514e-06,4.813148091848836,0.02044935928807553,1.6492249097642047e-10
2.0,187990000000000.0,6.560653213128429,2751933.595756475,108.85392932911942,21.049041445120196,5.448425325815633e-07,4.8135251041637686,0.01853437619398093,5.312074632433159e-11
2.0,187990000000000.0,6.560653213128429,2751933.595756475,108.85392932911942,22.83420304718272,2.0918528359701722e-07,4.8137101385424765,0.016844609520031528,1.7021997387708464e-11
2.0,187990000000000.0,6.560653213128429,2751933.595756475,108.85392932911942,24.770763559917086,7.903939183027195e-08,4.813799493552651,0.015339578822260343,5.42310147838538e-12
2.0,187990000000000.0,6.560653213128429,2751933.595756475,108.85392932911942,26.87156307025227,2.9456864158297114e-08,4.813842048685268,0.013989788080106803,1.7178373502319543e-12
2.0,187990000000000.0,6.560653213128429,2751933.595756475,108.85392932911942,29.150530628251758,1.0846350780747898e-08,4.813862069949073,0.012772481756511416,5.408353696846177e-13
2.0,187990000000000.0,6.560653213128429,2751933.595756475,108.85392932911942,31.622776601683796,3.950561602293482e-09,4.813871386894312,0.01167000367638821,0.0
3.0,189410000000000.0,4.501136177659159,1132603.8276407695,159.05906520518553,0.01,386.4523786022751,0.00010591619769500919,0.05349333430074348,0.0
3.0,189410000000000.0,4.501136177659159,1132603.8276407695,159.05906520518553,0.010848096388007426,248.0050914847902,0.000128772930637353,0.07713609052490783,-0.0003013558159260063
3.0,189410000000000.0,4.501136177659159,1132603.8276407695,159.05906520518553,0.011768119524349986,234.92022148794422,0.0001564125175047557,0.08043830358972781,-0.00034552822187154143
3.0,189410000000000.0,4.501136177659159,1132603.8276407695,159.05906520518553,0.012766169490574075,222.28470364565138,0.00018979958651074786,0.08389695261140515,-0.0003956481902179026
3.0,189410000000000.0,4.501136177659159,1132603.8276407695,159.05906520518553,0.01384886371393873,210.0964514360241,0.00023008473685224266,0.087517517881704,-0.0004523841318417395
3.0,189410000000000.0,4.501136177659159,1132603.8276407695,159.05906520518553,0.015023380843318588,198.3527480454701,0.0002786384036436234,0.09130537608551455,-0.0005164487150102214
3.0,189410000000000.0,4.501136177659159,1132603.8276407695,159.05906520518553,0.016297508346206444,187.05025418152894,0.000337090439465535,0.09526575521343753,-0.0005885944284256653
3.0,189410000000000.0,4.501136177659159,1132603.8276407695,159.05906520518553,0.017679694142400303,176.18501808496336,0.00040737627797077523,0.09940368482115666,-0.0006696069292454004
3.0,189410000000000.0,4.501136177659159,1132603.8276407695,159.05906520518553,0.019179102616724886,165.75248773759094,0.0004917906543832382,0.10372394149076311,-0.00076029579008013
3.0,189410000000000.0,4.501136177659159,1132603.8276407695,159.05906520518553,0.020805675382171703,155.74752524936073,0.0005930499762450266,0.1082309893878328,-0.0008614822513443337
3.0,189410000000000.0,4.501136177659159,1132603.8276407695,159.05906520518553,0.022570197196339205,146.1644233948047,0.0007143645650817613,0.11292891585645828,-0.0009739835923291751
3.0,189410000000000.0,4.501136177659159,1132603.8276407695,159.05906520518553,0.024484367468222266,136.99692425528494,0.0008595221250975888,0.11782136204351701,-0.0010985937655557684
3.0,189410000000000.0,4.501136177659159,1132603.8276407695,159.05906520518553,0.026560877829466867,128.2382399095766,0.0010329839374909045,0.12291144861262787,-0.001236059992751868
3.0,189410000000000.0,4.501136177659159,1132603.8276407695,159.05906520518553,0.028813496284414607,119.88107510132402,0.0012399954269006945,0.12820169667481682,-0.0013870551089376778
3.0,189410000000000.0,4.501136177659159,1132603.8276407695,159.05906520518553,0.031257158496882355,111.91765179796711,0.001486712897643235,0.13369394414488125,-0.0015521455657635068
3.0,189410000000000.0,4.501136177659159,1132603.8276407695,159.05906520518553,0.03390806681894053,104.33973554192994,0.0017803483871268902,0.13938925782579026,-0.0017317551681008993
3.0,189410000000000.0,4.501136177659159,1132603.8276407695,159.05906520518553,0.03678379771828634,97.13866348137567,0.0021293347436220265,0.14528784161725056,-0.0019261248284932332
3.0,189410000000000.0,4.501136177659159,1132603.8276407695,159.05906520518553,0.03990341831649379,90.30537395476415,0.002543513140771504,0.1513889413554993,-0.0021352688775344514
3.0,189410000000000.0,4.501136177659159,1132603.8276407695,159.05906520518553,0.043287612810830566,83.83043749096367,0.00303434542341826,0.15769074690779422,-0.0023589287635112435
3.0,189410000000000.0,4.501136177659159,1132603.8276407695,159.05906520518553,0.04695881961786354,77.70408907490463,0.003615153729002881,0.16419029226330906,-0.002596525312713958
3.0,189410000000000.0,4.501136177659159,1132603.8276407695,159.05906520518553,0.0509413801481638,71.91626151785476,0.004301389936621713,0.170883354496011,-0.002847111082829365
3.0,189410000000000.0,4.501136177659159,1132603.8276407695,159.05906520518553,0.0552617001985409,66.45661976149542,0.005110937521659724,0.17776435260404655,-0.0031093247208199954
3.0,189410000000000.0,4.501136177659159,1132603.8276407695,159.05906520518553,0.05994842503189409,61.31459593621237,0.006064448381423252,0.18482624736534684,-0.0033813496103430466
3.0,189410000000000.0,4.501136177659159,1132603.8276407695,159.05906520518553,0.06503262930552246,56.4794249865152,0.007185717120086741,0.1920604434863745,-0.003660879432885664
3.0,189410000000000.0,4.501136177659159,1132603.8276407695,159.05906520518553,0.07054802310718641,51.94018067038713,0.008502095124816034,0.1994566954483372,-0.003945093550644545
3.0,189410000000000.0,4.501136177659159,1132603.8276407695,159.05906520518553,0.07653117546501334,47.68581173475129,0.010044946529720041,0.20700301858336176,-0.004230645303226096
3.0,189410000000000.0,4.501136177659159,1132603.8276407695,159.05906520518553,0.08302175681319744,43.70517806621456,0.011850147768635622,0.21468560702689665,-0.004513666363803078
3.0,189410000000000.0,4.501136177659159,1132603.8276407695,159.05906520518553,0.09006280202112786,39.98708661490167,0.013958631991323077,0.22248876029288242,-0.004789790184346386
3.0,189410000000000.0,4.501136177659159,1132603.8276407695,159.05906520518553,0.09770099572992251,36.520326889579835,0.01641697892316331,0.2303948203001162,-0.00505419723939297
3.0,189410000000000.0,4.501136177659159,1132603.8276407695,159.05906520518553,0.1059869818882502,33.29370582444888,0.019278049981000814,0.23838412073644835,-0.005301684224764784
3.0,189410000000000.0,4.501136177659159,1132603.8276407695,159.05906520518553,0.11497569953977356,30.29608182195409,0.022601667457549525,0.2464349506754018,-0.005526758566103249
3.0,189410000000000.0,4.501136177659159,1132603.8276407695,159.05906520518553,0.12472674708860455,27.516397781776575,0.026455335394894777,0.25452353435366115,-0.005723758538847971
3.0,189410000000000.0,4.501136177659159,1132603.8276407695,159.05906520518553,0.13530477745798067,24.943712933745754,0.030914998351547967,0.2626240289718225,-0.005886998011228063
3.0,189410000000000.0,4.501136177659159,1132603.8276407695,159.05906520518553,0.14677992676220689,22.567233301762077,0.03606583263080737,0.2707085422866634,-0.006010933338011247
3.0,189410000000000.0,4.501136177659159,1132603.8276407695,159.05906520518553,0.1592282793341092,20.376340636843732,0.04200306261223214,0.2787471716190445,-0.006090348313723301
3.0,189410000000000.0,4.501136177659159,1132603.8276407695,159.05906520518553,0.17273237219129878,18.36061967003161,0.048832792746410204,0.2867080656984747,-0.006120551430434066
3.0,189410000000000.0,4.501136177659159,1132603.8276407695,159.05906520518553,0.1873817422860384,16.509883549985112,0.05667284333824771,0.29455751049949547,-0.00609757808713035
3.0,189410000000000.0,4.501136177659159,1132603.8276407695,159.05906520518553,0.20327352016717118,14.814197345541125,0.06565357566678341,0.3022600398929889,-0.006018388989420906
3.0,189410000000000.0,4.501136177659159,1132603.8276407695,159.05906520518553,0.22051307399030456,13.263899510129562,0.07591868916358546,0.30977857153098376,-0.005881054900374771
3.0,189410000000000.0,4.501136177659159,1132603.8276407695,159.05906520518553,0.23921470814626375,11.849621222563078,0.08762597038737965,0.3170745679065913,-0.005684917288125462
3.0,189410000000000.0,4.501136177659159,1132603.8276407695,159.05906520518553,0.25950242113997357,10.562303537148138,0.10094797042531821,0.3241082219785602,-0.005430714386938754
3.0,189410000000000.0,4.501136177659159,1132603.8276407695,159.05906520518553,0.281510727744773,9.393212295088507,0.1160725841844834,0.33083866612367563,-0.0051206628414217775
3.0,189410000000000.0,4.501136177659159,1132603.8276407695,159.05906520518553,0.3053855508833415,8.333950768545373,0.13320350190588012,0.33722420248427276,-0.004758486489839264
3.0,189410000000000.0,4.501136177659159,1132603.8276407695,159.05906520518553,0.33128518914872357,7.376470028249064,0.15256050016646863,0.3432225520171335,-0.004349385965755115
3.0,189410000000000.0,4.501136177659159,1132603.8276407695,159.05906520518553,0.35938136638046275,6.513077044985305,0.17437953688665547,0.34879111873619856,-0.0038999455941377474
3.0,189410000000000.0,4.501136177659159,1132603.8276407695,159.05906520518553,0.38986037025490716,5.736440554367651,0.1989126123305115,0.35388726478970056,-0.003417977403040053
3.0,189410000000000.0,4.501136177659159,1132603.8276407695,159.05906520518553,0.4229242874389499,5.039594732816856,0.22642735610897002,0.3584685911461479,-0.002912305773426099
3.0,189410000000000.0,4.501136177659159,1132603.8276407695,159.05906520518553,0.4587923434967087,4.415940750370083,0.25720629875068174,0.36249321781540716,-0.0023925000613920283
3.0,189410000000000.0,4.501136177659159,1132603.8276407695,159.05906520518553,0.4977023564332109,3.859246282616702,0.2915457856536561,0.36592005674542544,-0.0018685661646753182
3.0,189410000000000.0,4.501136177659159,1132603.8276407695,159.05906520518553,0.5399123135125903,3.3636430794996675,0.3297544912294298,0.3687090698746479,-0.0013506111649278934
3.0,189410000000000.0,4.501136177659159,1132603.8276407695,159.05906520518553,0.5857020818056664,2.923622702745758,0.3721514918358529,0.3708215043680089,-0.0008484975669747548
3.0,189410000000000.0,4.501136177659159,1132603.8276407695,159.05906520518553,0.6353752638084483,2.5340305561311083,0.4190638575405115,0.3722200969354127,-0.00037150502023929895
3.0,189410000000000.0,4.501136177659159,1132603.8276407695,159.05906520518553,0.6892612104349695,2.1900583435132983,0.4708237248123084,0.3728692394786918,7.19824430919479e-05
3.0,189410000000000.0,4.501136177659159,1132603.8276407695,159.05906520518553,0.7477172047313224,1.8872350984588084,0.5277648143392853,0.37273509933973675,0.0004747467814044145
3.0,189410000000000.0,4.501136177659159,1132603.8276407695,159.05906520518553,0.8111308307896868,1.6214169362886353,0.5902183599067449,0.3717856893982262,0.000830949524164305
3.0,189410000000000.0,4.501136177659159,1132603.8276407695,159.05906520518553,0.8799225435691069,1.388775684412668,0.658508414575999,0.36999088653868806,0.0011362778021882698
3.0,189410000000000.0,4.501136177659159,1132603.8276407695,159.05906520518553,0.9545484566618337,1.1857865499199987,0.732946497962874,0.36732240201540006,0.001388016662493941
3.0,189410000000000.0,4.501136177659159,1132603.8276407695,159.05906520518553,1.0355033664891309,1.0092149845718505,0.8138255412746969,0.3637537145314575,0.0015850467067787702
3.0,189410000000000.0,4.501136177659159,1132603.8276407695,159.05906520518553,1.1233240329780276,0.8561029066834758,0.9014130722698624,0.3592599870548811,0.0017277715032244436
3.0,189410000000000.0,4.501136177659159,1132603.8276407695,159.05906520518553,1.218592738471087,0.7237544370046087,0.9959435569494498,0.35381800222241894,0.001817984387727571
3.0,189410000000000.0,4.501136177659159,1132603.8276407695,159.05906520518553,1.3219411484660286,0.6097213017900802,1.0976097739691573,0.34740616931362145,0.0018586887282770717
3.0,189410000000000.0,4.501136177659159,1132603.8276407695,159.05906520518553,1.4340544997832725,0.5117880510250425,1.2065530360981462,0.3400046787066077,0.0018538890228008917
3.0,189410000000000.0,4.501136177659159,1132603.8276407695,159.05906520518553,1.5556761439304723,0.4279572335287778,1.3228519839245194,0.33159590744529877,0.0018083719137723998
3.0,189410000000000.0,4.501136177659159,1132603.8276407695,159.05906520518553,1.687612475788147,0.3564346637697729,1.4465095543070703,0.32216521103008394,0.0017274959481057748
3.0,189410000000000.0,4.501136177659159,1132603.8276407695,159.05906520518553,1.8307382802953678,0.29561490810573016,1.5774375651507655,0.3117022689359846,0.001617006348850841
3.0,189410000000000.0,4.501136177659159,1132603.8276407695,159.05906520518553,1.986002532585912,0.24406711126545796,1.7154381604965172,0.3002031788117806,0.0014828859243892093
3.0,189410000000000.0,4.501136177659159,1132603.8276407695,159.05906520518553,2.154434690031882,0.20052127759720254,1.8601811410889562,0.2876735064354682,0.0013312453951019178
3.0,189410000000000.0,4.501136177659159,1132603.8276407695,159.05906520518553,2.337151517913277,0.16385511600894836,2.011176009724596,0.27413247866859813,0.001168246071914289
3.0,189410000000000.0,4.501136177659159,1132603.8276407695,159.05906520518553,2.5353644939701114,0.1330815519388203,2.167737486502145,0.2596184306941977,0.00100003586475132
3.0,189410000000000.0,4.501136177659159,1132603.8276407695,159.05906520518553,2.7503878409319458,0.10733700173920052,2.328943491176909,0.24419545543558915,0.0008326681349781112
3.0,189410000000000.0,4.501136177659159,1132603.8276407695,159.05906520518553,2.983647240283337,0.08587048883403112,2.4935854970278073,0.22796091830846865,0.000671965823000283
3.0,189410000000000.0,4.501136177659159,1132603.8276407695,159.05906520518553,3.2366892850406015,0.06803364542716599,2.660113298841512,0.21105307004491927,0.0005232964202737221
3.0,189410000000000.0,4.501136177659159,1132603.8276407695,159.05906520518553,3.5111917342151306,0.05327156839187786,2.8265804037177857,0.19365742363784927,0.0003912433806546549
3.0,189410000000000.0,4.501136177659159,1132603.8276407695,159.05906520518553,3.8089746369540713,0.041114354433155705,2.990603300438773,0.17600993936186896,0.00027920044465104717
3.0,189410000000000.0,4.501136177659159,1132603.8276407695,159.05906520518553,4.132012400115334,0.031168899674549954,3.1493580571159803,0.15839458064375314,0.00018897199010813276
3.0,189410000000000.0,4.501136177659159,1132603.8276407695,159.05906520518553,4.482446879289308,0.02311021924452968,3.2996492349885562,0.1411327988264247,0.00012051408972775072
3.0,189410000000000.0,4.501136177659159,1132603.8276407695,159.05906520518553,4.862601580065353,0.016671237864377682,3.438092768578428,0.12456339980084064,7.196111148961345e-05
3.0,189410000000000.0,4.501136177659159,1132603.8276407695,159.05906520518553,5.274997063702619,0.01163003864518006,3.561443909352389,0.10901335584403667,4.001679821408882e-05
3.0,189410000000000.0,4.501136177659159,1132603.8276407695,159.05906520518553,5.722367659350215,0.007794439181736057,3.6670586078392433,0.09476330372939816,2.0648693125173562e-05
3.0,189410000000000.0,4.501136177659159,1132603.8276407695,159.05906520518553,6.207679593624761,0.0049858107045180474,3.753398930138037,0.08201474348019933,9.876081767397095e-06
3.0,189410000000000.0,4.501136177659159,1132603.8276407695,159.05906520518553,6.7341506577508214,0.0030265703020058397,3.8204119476646405,0.07086756635711532,4.387745349152102e-06
3.0,189410000000000.0,4.501136177659159,1132603.8276407695,159.05906520518553,7.305271542664449,0.0017365525956958418,3.8695962597568565,0.06131481728184928,1.820763528127054e-06
3.0,189410000000000.0,4.501136177659159,1132603.8276407695,159.05906520518553,7.92482898353917,0.0009402771724644858,3.9036761715796504,0.053256398767586734,7.117062348828684e-07
3.0,189410000000000.0,4.501136177659159,1132603.8276407695,159.05906520518553,8.596930867190787,0.00048099531625678374,3.9259914718373947,0.04652697734632738,2.6480120570699814e-07
3.0,189410000000000.0,4.501136177659159,1132603.8276407695,159.05906520518553,9.326033468832199,0.00023329310492162765,3.939846972292703,0.04092910838392392,9.482392385271438e-08
3.0,189410000000000.0,4.501136177659159,1132603.8276407695,159.05906520518553,10.11697099876749,0.00010786377510840578,3.9480470710657523,0.036262651612723545,3.302050080962132e-08
3.0,189410000000000.0,4.501136177659159,1132603.8276407695,159.05906520518553,10.974987654930557,4.784059844682652e-05,3.9527015558756045,0.032345111926054645,1.1278458540930944e-08
3.0,189410000000000.0,4.501136177659159,1132603.8276407695,159.05906520518553,11.905772393787833,2.0485465585111207e-05,3.9552514915137795,0.029021957155270946,3.802650987089904e-09
3.0,189410000000000.0,4.501136177659159,1132603.8276407695,159.05906520518553,12.91549665014884,8.519141618591299e-06,3.9566077909764505,0.026168989557744677,1.270926640393555e-09
3.0,189410000000000.0,4.501136177659159,1132603.8276407695,159.05906520518553,14.010855255980157,3.458351726225704e-06,3.9573118038505872,0.023689859728428995,4.220742370234231e-10
3.0,189410000000000.0,4.501136177659159,1132603.8276407695,159.05906520518553,15.199110829529332,1.3762296802900022e-06,3.9576699378638134,0.021511488784314883,1.394558715024673e-10
3.0,189410000000000.0,4.501136177659159,1132603.8276407695,159.05906520518553,16.488141929074178,5.386456390243948e-07,3.9578490858521906,0.019578709448932103,4.585216211943084e-11
3.0,189410000000000.0,4.501136177659159,1132603.8276407695,159.05906520518553,17.886495290574352,2.078793880910143e-07,3.9579374353980623,0.017850260982741197,1.500123583516656e-11
3.0,189410000000000.0,4.501136177659159,1132603.8276407695,159.05906520518553,19.40344249557914,7.92579473153355e-08,3.957980474839848,0.01629481911884023,4.882019075092683e-12
3.0,189410000000000.0,4.501136177659159,1132603.8276407695,159.05906520518553,21.049041445120196,2.9895288463077184e-08,3.9580012152964255,0.014888301426639564,1.5798175083928893e-12
3.0,189410000000000.0,4.501136177659159,1132603.8276407695,159.05906520518553,22.83420304718272,1.1166704394545594e-08,3.958011112315452,0.013611835313307591,5.079612091052801e-13
3.0,189410000000000.0,4.501136177659159,1132603.8276407695,159.05906520518553,24.770763559917086,4.133453100618778e-09,3.958015792220877,0.012450729953493726,1.624028403247882e-13
3.0,189410000000000.0,4.501136177659159,1132603.8276407695,159.05906520518553,26.87156307025227,1.5169534780310029e-09,3.958017986180852,0.011391723433161496,5.155896627821263e-14
3.0,189410000000000.0,4.501136177659159,1132603.8276407695,159.05906520518553,29.150530628251758,5.521225775438191e-10,3.9580190062066016,0.010424761132607947,1.6255035783822358e-14
3.0,189410000000000.0,4.501136177659159,1132603.8276407695,159.05906520518553,31.622776601683796,1.9933411640059137e-10,3.9580194766242185,0.009540942261719518,0.0
